tag,tp,tn,fp,fn,sensitivity,specificity,acc,precision,recall,f1
angularjs,200,2433,26,525,0.275862068966,0.989426596177,0.826947236181,0.884955752212,0.275862068966,0.420609884332
c++,1690,547,915,32,0.981416957027,0.37414500684,0.702575376884,0.648752399232,0.981416957027,0.781141668593
mysql,314,2408,39,423,0.42605156038,0.984062116878,0.854899497487,0.889518413598,0.42605156038,0.576146788991
