hamming_loss,precision,recall,f1
0.614998431126,0.692211055276,0.692211055276,0.692211055276
