tag, tp, tn, fp, fn, probability, cost, subtotal
angularjs,200,2433,26,525,0.227701005025,73.4108040201,73.4108040201
c++,1690,547,915,32,0.540829145729,-946.180590452,-872.769786432
mysql,314,2408,39,423,0.231469849246,24.3274811558,-848.442305276
