tag,tp,tn,fp,fn,sensitivity,specificity,acc,precision,recall,f1
angularjs,570,2423,36,155,0.786206896552,0.985359902399,0.940012562814,0.940594059406,0.786206896552,0.856498873028
c++,1687,1195,267,35,0.979674796748,0.817373461012,0.905150753769,0.863357215967,0.979674796748,0.917845484222
mysql,593,2416,31,144,0.804613297151,0.987331426236,0.945037688442,0.950320512821,0.804613297151,0.871418074945
