hamming_loss,precision,recall,f1
0.209601506119,0.895100502513,0.895100502513,0.895100502513
