tag, tp, tn, fp, fn, probability, cost, subtotal
angularjs,570,2423,36,155,0.227701005025,-95.3156407035,-95.3156407035
c++,1687,1195,267,35,0.540829145729,-907.889886935,-1003.20552764
mysql,593,2416,31,144,0.231469849246,-104.647518844,-1107.85304648
